num	time
100	0.00142548
500	0.03706293
1000	0.14097834
5000	3.53396857
10000	12.38748212
20000	59.12272318
30000	97.97110131
50000	263.89704896
75000	507.42294993
100000	753.51824411
