num	time
100	0.00053462
500	0.01006625
1000	0.03285949
5000	0.75090127
10000	2.77483058
20000	9.08842330
30000	22.27668041
50000	61.51318374
75000	112.11010105
100000	199.97820916
