num	time
100	0.03213262
500	0.15560118
1000	0.29536532
5000	1.49128135
10000	3.02135081
20000	4.64378123
30000	8.18117753
50000	13.92635889
75000	22.72826172
100000	31.51654567
