num	time
100	0.00049349
500	0.00306275
1000	0.00561761
5000	0.04840404
10000	0.08607715
20000	0.16146193
30000	0.28270875
50000	0.45903307
75000	0.69763940
100000	0.88381664
