num	time
100	0.00066416
500	0.01773236
1000	0.06878482
5000	1.79395398
10000	5.56327851
20000	23.40798730
30000	55.52256938
50000	116.95416625
75000	262.32454931
100000	397.75228922
