num	time
100	0.00065748
500	0.01469635
1000	0.03427726
5000	1.39216465
10000	4.44221418
20000	19.03929034
30000	47.95353910
50000	97.05626858
75000	214.56236709
100000	335.49363778
