num	time
100	0.00077520
500	0.00381224
1000	0.00774888
5000	0.04840404
10000	0.11490285
20000	0.22075676
30000	0.37491705
50000	0.61354034
75000	0.91772481
100000	1.21414035
