num	time
100	0.00016244
500	0.00069757
1000	0.00152006
5000	0.00888700
10000	0.01918663
20000	0.04171822
30000	0.06552724
50000	0.11259268
75000	0.16475498
100000	0.25902104
